epoch,time,train/box_loss,train/cls_loss,train/dfl_loss,metrics/precision(B),metrics/recall(B),metrics/mAP50(B),metrics/mAP50-95(B),val/box_loss,val/cls_loss,val/dfl_loss,lr/pg0,lr/pg1,lr/pg2
1,2.09363,4.46321,13.3754,2.06717,0.00022,0.06,0.00012,4e-05,3.52173,6.51631,1.96678,0.0982,0.0002,0.0002
2,2.52954,3.27067,8.20654,1.98267,0.00022,0.06,0.00012,4e-05,3.50662,6.52431,1.9593,0.095495,0.00049505,0.00049505
3,2.99527,3.48369,7.27492,2.16924,0.00029,0.08,0.00018,7e-05,3.35183,6.54844,1.82073,0.0927842,0.00078416,0.00078416
4,3.56503,3.41028,7.1437,1.85149,0.00036,0.1,0.00024,7e-05,3.2415,5.9132,1.68518,0.0900673,0.00106733,0.00106733
5,4.03107,3.03101,6.84597,1.58987,0.00036,0.1,0.00024,0.0001,3.00893,5.71307,1.57175,0.0873446,0.00134456,0.00134456
6,4.50041,2.99805,6.0649,1.69257,0.00043,0.12,0.00029,0.00013,2.8062,4.33716,1.49307,0.0846159,0.00161585,0.00161585
7,4.95731,2.6546,5.22051,1.45423,0.00051,0.14,0.00036,0.00015,2.75239,4.0422,1.46981,0.0818812,0.0018812,0.0018812
8,5.41864,2.87637,5.57867,1.52515,0.00051,0.14,0.00037,0.00018,2.62622,3.99111,1.39081,0.0791406,0.00214061,0.00214061
9,5.88908,2.58219,4.77952,1.52608,0.00072,0.2,0.0006,0.00024,2.46709,3.93178,1.33413,0.0763941,0.00239408,0.00239408
10,6.34135,2.18073,4.19407,1.2875,0.0008,0.22,0.00065,0.00034,2.28306,3.89464,1.27011,0.0736416,0.00264161,0.00264161
11,6.79178,2.33576,4.20752,1.36051,0.0008,0.22,0.00074,0.00042,2.24306,3.83889,1.18751,0.0708832,0.0028832,0.0028832
12,7.25563,2.71594,3.72595,1.45802,0.0013,0.36,0.00133,0.00058,2.13966,3.78857,1.16714,0.0681189,0.00311885,0.00311885
13,7.71925,2.47344,3.14094,1.38934,0.0013,0.36,0.00154,0.00061,2.07966,3.76903,1.16486,0.0653486,0.00334856,0.00334856
14,8.1709,2.25409,3.09903,1.23439,0.00116,0.32,0.00132,0.00063,2.05245,3.78269,1.16818,0.0625723,0.00357233,0.00357233
15,8.61408,2.31216,2.96888,1.34667,0.00188,0.4,0.00247,0.00104,2.16128,3.75547,1.21732,0.0597902,0.00379016,0.00379016
16,9.07091,2.34669,2.83838,1.44754,0.00265,0.42,0.00264,0.00118,2.07315,3.75327,1.17694,0.057002,0.00400205,0.00400205
17,9.53904,2.39767,2.36362,1.38798,0.00557,0.58,0.10467,0.03066,2.13119,3.58049,1.15771,0.054208,0.004208,0.004208
18,9.98409,2.25301,2.96324,1.30905,0.00541,0.54,0.07612,0.04237,1.97533,3.58619,1.14593,0.051408,0.00440801,0.00440801
19,10.4405,2.19567,2.67602,1.25019,0.00659,0.58,0.18597,0.1061,1.89326,3.41954,1.16187,0.0486021,0.00460208,0.00460208
20,10.8963,2.3327,2.40563,1.3555,0.00752,0.64,0.15483,0.05761,1.92829,3.44851,1.10069,0.0457902,0.00479021,0.00479021
21,11.3532,2.56234,2.67961,1.25346,0.00889,0.76,0.38819,0.20076,1.86419,3.091,1.13217,0.0429724,0.0049724,0.0049724
22,11.8284,2.14266,2.20419,1.25299,0.00876,0.7,0.4027,0.19121,1.87867,3.1626,1.15422,0.0401487,0.00514865,0.00514865
23,12.3857,2.00343,2.05284,1.20454,0.00834,0.7,0.40195,0.19997,1.81601,3.05494,1.09731,0.037319,0.00531896,0.00531896
24,12.831,2.18817,2.2146,1.16583,0.00869,0.68,0.31235,0.15887,1.84274,3.30344,1.07657,0.0344833,0.00548333,0.00548333
25,13.2614,2.13149,2.14028,1.20634,0.00878,0.74,0.45311,0.21397,1.91034,2.92926,1.11764,0.0316418,0.00564176,0.00564176
26,13.7092,2.41499,2.73288,1.21813,0.00779,0.68,0.27935,0.14652,1.93842,3.1453,1.1024,0.0287943,0.00579425,0.00579425
27,14.1531,2.06268,2.05351,1.17035,0.91207,0.20788,0.43066,0.17123,2.05308,2.81162,1.15863,0.0259408,0.0059408,0.0059408
28,14.5819,2.11263,2.07741,1.26018,1,0.21127,0.52284,0.27487,1.73219,2.72266,1.04735,0.0230814,0.00608141,0.00608141
29,15.0118,2.09187,2.01265,1.17032,1,0.21127,0.52284,0.27487,1.73219,2.72266,1.04735,0.0202161,0.00621608,0.00621608
30,15.4969,1.97803,2.08492,1.14367,1,0.12995,0.5455,0.23726,1.83718,2.63708,1.05438,0.0173448,0.00634481,0.00634481
31,15.961,2.38055,2.4016,1.1308,0.85073,0.22832,0.51762,0.2359,1.91421,2.28224,1.08173,0.0144676,0.0064676,0.0064676
32,16.4196,2.0263,1.9225,1.25797,1,0.07757,0.36356,0.14841,2.11818,2.98315,1.09661,0.0115844,0.00658445,0.00658445
33,16.8433,2.29519,2.33598,1.17691,1,0.07757,0.36356,0.14841,2.11818,2.98315,1.09661,0.00869536,0.00669536,0.00669536
34,17.2854,2.07916,2.26292,1.09717,0.82216,0.3,0.49719,0.21598,1.95025,2.42747,1.07466,0.006733,0.006733,0.006733
35,17.7334,2.16074,1.92303,1.11115,0.61524,0.35196,0.53189,0.22982,1.90747,2.03551,1.08549,0.006634,0.006634,0.006634
36,18.1735,1.93187,1.80356,1.12234,0.79108,0.38,0.55468,0.23511,1.96853,2.06831,1.08616,0.006535,0.006535,0.006535
37,18.599,1.94368,1.87744,1.08873,0.79108,0.38,0.55468,0.23511,1.96853,2.06831,1.08616,0.006436,0.006436,0.006436
38,19.0538,2.03249,1.89149,1.16634,0.74856,0.47643,0.56031,0.27113,1.77021,1.79612,1.0807,0.006337,0.006337,0.006337
39,19.5273,1.86431,1.81761,1.05749,0.73936,0.44,0.5145,0.23605,1.8259,1.79344,1.06742,0.006238,0.006238,0.006238
40,19.9613,1.90549,1.72394,1.11551,0.70101,0.56276,0.62192,0.3472,1.50263,1.43709,1.00037,0.006139,0.006139,0.006139
41,20.4064,1.80922,1.56464,1.08885,0.70101,0.56276,0.62192,0.3472,1.50263,1.43709,1.00037,0.00604,0.00604,0.00604
42,20.8639,1.98158,1.76143,1.10963,0.66998,0.36557,0.47524,0.18458,2.02516,1.8807,1.14704,0.005941,0.005941,0.005941
43,21.3173,1.94674,1.85339,1.09699,0.82631,0.56,0.63673,0.33789,1.66009,1.54079,1.01102,0.005842,0.005842,0.005842
44,21.7717,1.94176,1.65432,1.08555,0.67022,0.4066,0.51192,0.21661,1.96574,2.03823,1.06886,0.005743,0.005743,0.005743
45,22.208,1.86117,1.70288,1.05951,0.67022,0.4066,0.51192,0.21661,1.96574,2.03823,1.06886,0.005644,0.005644,0.005644
46,22.6545,1.88319,1.73299,1.08139,0.454,0.38,0.4019,0.17921,2.012,1.63964,1.05342,0.005545,0.005545,0.005545
47,23.2043,1.73448,1.64495,1.00558,0.79946,0.56,0.61757,0.30712,1.74339,1.56934,1.01149,0.005446,0.005446,0.005446
48,23.6537,1.79099,1.60167,1.06999,0.90628,0.58024,0.71038,0.34146,1.77722,1.26072,1.05287,0.005347,0.005347,0.005347
49,24.1006,1.88543,1.6356,1.10139,0.90628,0.58024,0.71038,0.34146,1.77722,1.26072,1.05287,0.005248,0.005248,0.005248
50,24.5618,1.66995,1.67664,1.05754,0.83359,0.60114,0.72536,0.31557,1.74636,1.30027,1.03138,0.005149,0.005149,0.005149
51,25.0109,1.81078,1.65789,1.0888,0.75808,0.62681,0.71152,0.31722,1.68409,1.35984,1.02918,0.00505,0.00505,0.00505
52,25.4671,1.89312,1.49753,1.07167,0.74414,0.63985,0.74603,0.31704,1.66108,1.30799,1.02655,0.004951,0.004951,0.004951
53,25.9004,1.69787,1.52347,0.99799,0.74414,0.63985,0.74603,0.31704,1.66108,1.30799,1.02655,0.004852,0.004852,0.004852
54,26.3444,1.77029,1.59804,0.99217,0.71062,0.68769,0.76258,0.36546,1.60622,1.35799,1.03272,0.004753,0.004753,0.004753
55,26.795,1.71656,1.45552,1.03319,0.79596,0.62426,0.74589,0.34696,1.61179,1.2577,1.02308,0.004654,0.004654,0.004654
56,27.2436,1.6597,1.5539,1.03609,0.76534,0.65242,0.73505,0.35285,1.67947,1.30493,1.03647,0.004555,0.004555,0.004555
57,27.6722,1.56633,1.47893,1.01412,0.76534,0.65242,0.73505,0.35285,1.67947,1.30493,1.03647,0.004456,0.004456,0.004456
58,28.1292,1.62214,1.41957,1.02668,0.79926,0.71673,0.78521,0.35301,1.67484,1.30574,1.02836,0.004357,0.004357,0.004357
59,28.5713,1.61691,1.46388,1.00521,0.82218,0.72,0.80911,0.40597,1.54706,1.1483,1.00656,0.004258,0.004258,0.004258
60,29.0208,1.60644,1.30521,1.01196,0.85638,0.78,0.85784,0.44381,1.44815,1.06019,0.94297,0.004159,0.004159,0.004159
61,29.4645,1.45466,1.36747,0.95117,0.85638,0.78,0.85784,0.44381,1.44815,1.06019,0.94297,0.00406,0.00406,0.00406
62,29.9305,1.66934,1.40495,1.02089,0.84449,0.76026,0.8457,0.46559,1.38135,1.02373,0.92714,0.003961,0.003961,0.003961
63,30.398,1.50944,1.35622,0.98606,0.83921,0.84,0.8656,0.4594,1.4634,1.04804,0.95271,0.003862,0.003862,0.003862
64,30.8444,1.68118,1.49268,1.03203,0.84304,0.82,0.86492,0.43665,1.46981,1.10083,0.95415,0.003763,0.003763,0.003763
65,31.2747,1.84469,1.4745,1.05457,0.84304,0.82,0.86492,0.43665,1.46981,1.10083,0.95415,0.003664,0.003664,0.003664
66,31.7265,1.6126,1.3314,0.97384,0.88732,0.8,0.88815,0.43421,1.53686,1.03374,0.93799,0.003565,0.003565,0.003565
67,32.1711,1.54012,1.30463,1.00553,0.95487,0.78,0.88891,0.51239,1.37215,0.96927,0.91899,0.003466,0.003466,0.003466
68,32.6309,1.38032,1.20909,0.94507,0.92609,0.75188,0.86041,0.48068,1.42123,1.03288,0.92669,0.003367,0.003367,0.003367
69,33.1525,1.3774,1.13738,0.95097,0.92609,0.75188,0.86041,0.48068,1.42123,1.03288,0.92669,0.003268,0.003268,0.003268
70,33.5974,1.6899,1.34565,0.9451,0.98818,0.76,0.88823,0.50275,1.3398,0.92811,0.9089,0.003169,0.003169,0.003169
71,34.0427,1.56602,1.23684,0.97446,1,0.75674,0.87762,0.50912,1.34039,0.9313,0.90422,0.00307,0.00307,0.00307
72,34.4891,1.50026,1.17753,0.93226,0.97927,0.72,0.87631,0.52487,1.27603,0.92585,0.89884,0.002971,0.002971,0.002971
73,34.9316,1.47756,1.31567,0.97089,0.97927,0.72,0.87631,0.52487,1.27603,0.92585,0.89884,0.002872,0.002872,0.002872
74,35.3916,1.28751,1.06893,0.9535,0.92103,0.74,0.88387,0.53374,1.24135,0.88415,0.90256,0.002773,0.002773,0.002773
75,35.8471,1.3627,1.11207,0.93678,0.92509,0.74095,0.89219,0.57364,1.16362,0.85345,0.88026,0.002674,0.002674,0.002674
76,36.3102,1.46581,1.19023,0.93288,0.8493,0.78912,0.89184,0.56083,1.17593,0.86735,0.8858,0.002575,0.002575,0.002575
77,36.7442,1.45162,1.14762,0.93789,0.8493,0.78912,0.89184,0.56083,1.17593,0.86735,0.8858,0.002476,0.002476,0.002476
78,37.1822,1.28423,1.10024,0.90811,0.80302,0.8154,0.88704,0.52995,1.20228,0.89756,0.88681,0.002377,0.002377,0.002377
79,37.6458,1.39318,1.1369,0.94583,0.84228,0.74,0.85512,0.52576,1.19201,0.89362,0.88603,0.002278,0.002278,0.002278
80,38.0943,1.3445,1.18631,0.92512,0.95046,0.76748,0.89868,0.57711,1.13999,0.84497,0.87173,0.002179,0.002179,0.002179
81,38.5311,1.25133,1.12607,0.91333,0.95046,0.76748,0.89868,0.57711,1.13999,0.84497,0.87173,0.00208,0.00208,0.00208
82,38.9948,1.47298,1.21878,0.93084,0.9749,0.77692,0.89702,0.56768,1.10913,0.83383,0.86296,0.001981,0.001981,0.001981
83,39.4393,1.42784,1.17871,0.91261,0.95045,0.76744,0.9073,0.571,1.14971,0.8487,0.86169,0.001882,0.001882,0.001882
84,39.8909,1.48052,1.22605,0.94094,0.88464,0.84,0.89474,0.57969,1.13603,0.8387,0.8615,0.001783,0.001783,0.001783
85,40.337,1.28977,1.18688,0.92565,0.88464,0.84,0.89474,0.57969,1.13603,0.8387,0.8615,0.001684,0.001684,0.001684
86,40.787,1.06942,0.97598,0.92703,0.9545,0.83917,0.89832,0.57584,1.15988,0.82534,0.86705,0.001585,0.001585,0.001585
87,41.2385,1.4647,1.09729,0.95325,0.97384,0.84,0.92169,0.59655,1.1314,0.82442,0.86081,0.001486,0.001486,0.001486
88,41.7013,1.29597,1.03958,0.93091,0.93712,0.84,0.92423,0.59244,1.12685,0.83429,0.85924,0.001387,0.001387,0.001387
89,42.1238,1.19877,1.06138,0.88406,0.93712,0.84,0.92423,0.59244,1.12685,0.83429,0.85924,0.001288,0.001288,0.001288
90,42.6684,1.44355,1.11882,0.92714,0.9261,0.86,0.92659,0.58706,1.10316,0.82199,0.85824,0.001189,0.001189,0.001189
91,43.6831,1.30473,1.32207,0.93132,0.92607,0.84,0.92421,0.5882,1.11151,0.80881,0.86001,0.00109,0.00109,0.00109
92,44.1355,1.30977,1.21476,0.94626,0.9533,0.81656,0.91851,0.59272,1.11895,0.82143,0.86065,0.000991,0.000991,0.000991
93,44.5617,1.18766,1.07527,0.91155,0.9533,0.81656,0.91851,0.59272,1.11895,0.82143,0.86065,0.000892,0.000892,0.000892
94,44.9979,1.36049,1.18958,0.92028,0.95146,0.84,0.92221,0.594,1.13004,0.81965,0.8587,0.000793,0.000793,0.000793
95,45.4446,1.22291,1.16597,0.86429,0.95229,0.84,0.92837,0.60186,1.11441,0.81826,0.85546,0.000694,0.000694,0.000694
96,45.9096,1.24622,1.11147,0.91742,0.93287,0.86,0.9272,0.61253,1.09825,0.81225,0.85228,0.000595,0.000595,0.000595
97,46.3451,1.27207,1.21869,0.93531,0.93287,0.86,0.9272,0.61253,1.09825,0.81225,0.85228,0.000496,0.000496,0.000496
98,46.793,1.18172,1.14499,0.91501,0.92801,0.86,0.91554,0.61017,1.08307,0.80426,0.84948,0.000397,0.000397,0.000397
99,47.2346,1.15111,1.09785,0.89767,0.95173,0.86,0.9173,0.62683,1.07078,0.79227,0.84781,0.000298,0.000298,0.000298
100,47.694,1.26195,1.13861,0.8913,0.97719,0.85697,0.93297,0.62944,1.05803,0.78963,0.8474,0.000199,0.000199,0.000199
